Customer ID,Customer Name,Segment
C0492,Kiran Khan,Home Office
C0980,Sneha Reddy,Consumer
C0772,Rakesh Khan,Home Office
C0158,Ananya Patel,Home Office
C0242,Ashish Bansal,Consumer
C0026,Aditi Dixit,Corporate
C0468,Kavya Jain,Corporate
C0351,Deepika Kapoor,Corporate
C0131,Amit Kapoor,Consumer
C0799,Ravi Rao,Consumer
C0890,Sameer Joshi,Home Office
C0441,Karan Agarwal,Home Office
C1063,Tanya Chauhan,Corporate
C0236,Arnav Mishra,Home Office
C0863,Sakshi Chauhan,Consumer
C0561,Naina Agarwal,Consumer
C1116,Vikas Mishra,Corporate
C0717,Priya Nair,Home Office
C0555,Mohit Mehta,Corporate
C0550,Mohit Joshi,Corporate
C0730,Rahul Joshi,Consumer
C0475,Kavya Mehta,Consumer
C0901,Sanjay Agarwal,Consumer
C1113,Vikas Kumar,Home Office
C0790,Ravi Joshi,Home Office
C0278,Ayush Patel,Consumer
C0299,Bhavna Rao,Consumer
C1076,Tanya Mishra,Corporate
C0685,Prakash Das,Corporate
C1028,Sumit Jain,Corporate
C0227,Arnav Gupta,Consumer
C0918,Sanjay Patel,Home Office
C0394,Divya Malhotra,Consumer
C1081,Varun Agarwal,Corporate
C1000,Sonal Reddy,Corporate
C0147,Ananya Gupta,Home Office
C0596,Neha Mishra,Home Office
C0995,Sonal Mehta,Home Office
C0138,Amit Patel,Consumer
C0985,Sonal Das,Home Office
C0321,Deepak Agarwal,Corporate
C0179,Anil Rao,Consumer
C0371,Dev Kapoor,Corporate
C0507,Manish Gupta,Corporate
C1013,Sourabh Kumar,Home Office
C0566,Naina Dixit,Consumer
C0099,Akshay Rao,Home Office
C0487,Kiran Gupta,Consumer
C0988,Sonal Jain,Consumer
C0257,Ashish Nair,Consumer
C0045,Aditya Das,Corporate
C1184,Yash Choudhary,Consumer
C0514,Manish Malhotra,Home Office
C0380,Dev Reddy,Home Office
C0070,Akash Joshi,Consumer
C0301,Chetan Agarwal,Corporate
C0599,Neha Rao,Home Office
C0793,Ravi Kumar,Consumer
C0104,Aman Choudhary,Corporate
C1128,Vikram Jain,Consumer
C0496,Kiran Mishra,Home Office
C1084,Varun Choudhary,Home Office
C0601,Nikhil Agarwal,Corporate
C0166,Anil Dixit,Consumer
C0814,Riya Malhotra,Home Office
C0058,Aditya Patel,Home Office
C0686,Prakash Dixit,Home Office
C0305,Chetan Das,Consumer
C1049,Sunita Jha,Home Office
C0280,Ayush Reddy,Home Office
C0237,Arnav Nair,Corporate
C0052,Aditya Khan,Corporate
C0804,Riya Choudhary,Corporate
C0401,Gaurav Agarwal,Home Office
C0133,Amit Kumar,Home Office
C0145,Ananya Das,Home Office
C1194,Yash Malhotra,Corporate
C0572,Naina Khan,Consumer
C0021,Aditi Agarwal,Home Office
C0346,Deepika Dixit,Home Office
C0059,Aditya Rao,Home Office
C0350,Deepika Joshi,Corporate
C1133,Vikram Kumar,Home Office
C0177,Anil Nair,Corporate
C0546,Mohit Dixit,Corporate
C0173,Anil Kumar,Consumer
C0662,Pooja Bansal,Consumer
C0527,Meera Gupta,Home Office
C0268,Ayush Jain,Corporate
C0168,Anil Jain,Home Office
C0458,Karan Patel,Corporate
C0055,Aditya Mehta,Home Office
C0797,Ravi Nair,Consumer
C1040,Sumit Reddy,Consumer
C0955,Shreya Mehta,Corporate
C0854,Sachin Malhotra,Home Office
C0187,Anjali Gupta,Consumer
C0579,Naina Rao,Consumer
C0968,Sneha Jain,Home Office
C0449,Karan Jha,Corporate
C0983,Sonal Chauhan,Home Office
C1187,Yash Gupta,Home Office
C0349,Deepika Jha,Consumer
C0336,Deepak Mishra,Corporate
C1089,Varun Jha,Corporate
C0076,Akash Mishra,Corporate
C0140,Amit Reddy,Consumer
C1026,Sumit Dixit,Consumer
C0785,Ravi Das,Consumer
C0384,Divya Choudhary,Consumer
C1109,Vikas Jha,Corporate
C0033,Aditi Kumar,Home Office
C0609,Nikhil Jha,Home Office
C0699,Prakash Rao,Consumer
C0207,Arjun Gupta,Home Office
C1097,Varun Nair,Consumer
C0559,Mohit Rao,Consumer
C1011,Sourabh Kapoor,Home Office
C0969,Sneha Jha,Corporate
C0857,Sachin Nair,Corporate
C0036,Aditi Mishra,Consumer
C0121,Amit Agarwal,Consumer
C0457,Karan Nair,Corporate
C1022,Sumit Bansal,Home Office
C1114,Vikas Malhotra,Corporate
C0746,Raj Dixit,Home Office
C0847,Sachin Gupta,Home Office
C0143,Ananya Chauhan,Consumer
C0151,Ananya Kapoor,Home Office
C0815,Riya Mehta,Home Office
C0808,Riya Jain,Corporate
C0937,Shivam Nair,Home Office
C0358,Deepika Patel,Consumer
C0114,Aman Malhotra,Home Office
C0320,Chetan Reddy,Corporate
C1181,Yash Agarwal,Corporate
C0174,Anil Malhotra,Consumer
C0556,Mohit Mishra,Consumer
C0155,Ananya Mehta,Home Office
C0977,Sneha Nair,Home Office
C0087,Akshay Gupta,Consumer
C0443,Karan Chauhan,Consumer
C1036,Sumit Mishra,Consumer
C0576,Naina Mishra,Consumer
C0309,Chetan Jha,Corporate
C1023,Sumit Chauhan,Home Office
C0062,Akash Bansal,Home Office
C0072,Akash Khan,Corporate
C0221,Arnav Agarwal,Home Office
C0253,Ashish Kumar,Corporate
C0771,Rakesh Kapoor,Home Office
C0134,Amit Malhotra,Consumer
C0122,Amit Bansal,Home Office
C0536,Meera Mishra,Home Office
C0198,Anjali Patel,Consumer
C0704,Priya Choudhary,Corporate
C0987,Sonal Gupta,Home Office
C0637,Nisha Nair,Home Office
C0526,Meera Dixit,Consumer
C0705,Priya Das,Home Office
C0681,Prakash Agarwal,Consumer
C0657,Pankaj Nair,Consumer
C0541,Mohit Agarwal,Corporate
C0722,Rahul Bansal,Consumer
C1070,Tanya Joshi,Corporate
C1132,Vikram Khan,Consumer
C0090,Akshay Joshi,Home Office
C0953,Shreya Kumar,Consumer
C0202,Arjun Bansal,Consumer
C0606,Nikhil Dixit,Home Office
C1139,Vikram Rao,Consumer
C0287,Bhavna Gupta,Consumer
C0711,Priya Kapoor,Consumer
C0844,Sachin Choudhary,Home Office
C0972,Sneha Khan,Corporate
C1093,Varun Kumar,Home Office
C0894,Sameer Malhotra,Corporate
C0405,Gaurav Das,Corporate
C0254,Ashish Malhotra,Home Office
C0219,Arjun Rao,Home Office
C0859,Sachin Rao,Consumer
C0501,Manish Agarwal,Corporate
C0018,Aarav Patel,Consumer
C0742,Raj Bansal,Home Office
C1079,Tanya Rao,Corporate
C0273,Ayush Kumar,Corporate
C0915,Sanjay Mehta,Corporate
C0476,Kavya Mishra,Corporate
C1094,Varun Malhotra,Corporate
C0864,Sakshi Choudhary,Corporate
C0970,Sneha Joshi,Home Office
C1090,Varun Joshi,Home Office
C0739,Rahul Rao,Consumer
C0545,Mohit Das,Home Office
C0725,Rahul Das,Corporate
C0900,Sameer Reddy,Corporate
C0979,Sneha Rao,Corporate
C0406,Gaurav Dixit,Corporate
C0946,Shreya Dixit,Home Office
C0597,Neha Nair,Corporate
C0383,Divya Chauhan,Corporate
C0522,Meera Bansal,Consumer
C0276,Ayush Mishra,Consumer
C0216,Arjun Mishra,Home Office
C0354,Deepika Malhotra,Home Office
C1135,Vikram Mehta,Corporate
C0697,Prakash Nair,Consumer
C1161,Vishal Agarwal,Corporate
C1008,Sourabh Jain,Corporate
C0584,Neha Choudhary,Corporate
C0669,Pooja Jha,Corporate
C0105,Aman Das,Consumer
C0345,Deepika Das,Corporate
C1156,Vinay Mishra,Consumer
C0039,Aditi Rao,Home Office
C1080,Tanya Reddy,Consumer
C1082,Varun Bansal,Home Office
C0367,Dev Gupta,Home Office
C0424,Isha Choudhary,Corporate
C0436,Isha Mishra,Consumer
C0891,Sameer Kapoor,Consumer
C1118,Vikas Patel,Corporate
C0225,Arnav Das,Consumer
C0127,Amit Gupta,Consumer
C0435,Isha Mehta,Corporate
C0086,Akshay Dixit,Consumer
C0360,Deepika Reddy,Home Office
C0654,Pankaj Malhotra,Consumer
C0249,Ashish Jha,Consumer
C0616,Nikhil Mishra,Consumer
C0668,Pooja Jain,Home Office
C0518,Manish Patel,Consumer
C0300,Bhavna Reddy,Consumer
C0781,Ravi Agarwal,Home Office
C0868,Sakshi Jain,Corporate
C0677,Pooja Nair,Consumer
C1174,Vishal Malhotra,Home Office
C0892,Sameer Khan,Consumer
C0368,Dev Jain,Consumer
C0503,Manish Chauhan,Consumer
C0264,Ayush Choudhary,Corporate
C0486,Kiran Dixit,Home Office
C0853,Sachin Kumar,Corporate
C0642,Pankaj Bansal,Corporate
C0644,Pankaj Choudhary,Consumer
C0839,Rohit Rao,Home Office
C0687,Prakash Gupta,Home Office
C1104,Vikas Choudhary,Home Office
C1188,Yash Jain,Home Office
C0088,Akshay Jain,Home Office
C0593,Neha Kumar,Corporate
C1047,Sunita Gupta,Home Office
C0277,Ayush Nair,Home Office
C0585,Neha Das,Consumer
C0182,Anjali Bansal,Corporate
C0830,Rohit Joshi,Consumer
C0866,Sakshi Dixit,Home Office
C0432,Isha Khan,Home Office
C1111,Vikas Kapoor,Home Office
C0948,Shreya Jain,Home Office
C0982,Sonal Bansal,Consumer
C0823,Rohit Chauhan,Home Office
C1069,Tanya Jha,Home Office
C0763,Rakesh Chauhan,Consumer
C0079,Akash Rao,Consumer
C0607,Nikhil Gupta,Home Office
C0590,Neha Joshi,Home Office
C0567,Naina Gupta,Consumer
C1199,Yash Rao,Consumer
C0428,Isha Jain,Home Office
C0966,Sneha Dixit,Home Office
C0586,Neha Dixit,Corporate
C0821,Rohit Agarwal,Home Office
C0400,Divya Reddy,Corporate
C0525,Meera Das,Consumer
C0272,Ayush Khan,Corporate
C1050,Sunita Joshi,Corporate
C0260,Ashish Reddy,Consumer
C0191,Anjali Kapoor,Consumer
C0916,Sanjay Mishra,Home Office
C0768,Rakesh Jain,Home Office
C0311,Chetan Kapoor,Home Office
C0271,Ayush Kapoor,Corporate
C0745,Raj Das,Corporate
C0583,Neha Chauhan,Consumer
C0389,Divya Jha,Consumer
C0297,Bhavna Nair,Corporate
C0898,Sameer Patel,Consumer
C0920,Sanjay Reddy,Corporate
C0189,Anjali Jha,Corporate
C0379,Dev Rao,Home Office
C0172,Anil Khan,Corporate
C0639,Nisha Rao,Corporate
C1148,Vinay Jain,Corporate
C1198,Yash Patel,Home Office
C0702,Priya Bansal,Corporate
C0627,Nisha Gupta,Corporate
C0803,Riya Chauhan,Consumer
C0490,Kiran Joshi,Corporate
C0185,Anjali Das,Home Office
C0833,Rohit Kumar,Home Office
C0038,Aditi Patel,Consumer
C1072,Tanya Khan,Consumer
C0200,Anjali Reddy,Home Office
C0352,Deepika Khan,Corporate
C0752,Raj Khan,Consumer
C0142,Ananya Bansal,Corporate
C0355,Deepika Mehta,Home Office
C0498,Kiran Patel,Home Office
C0577,Naina Nair,Consumer
C0238,Arnav Patel,Corporate
C0753,Raj Kumar,Corporate
C0528,Meera Jain,Home Office
C0692,Prakash Khan,Corporate
C0838,Rohit Patel,Corporate
C0978,Sneha Patel,Home Office
C0883,Sameer Chauhan,Consumer
C1086,Varun Dixit,Home Office
C0762,Rakesh Bansal,Home Office
C0962,Sneha Bansal,Consumer
C0720,Priya Reddy,Corporate
C0387,Divya Gupta,Consumer
C1087,Varun Gupta,Home Office
C0856,Sachin Mishra,Home Office
C0693,Prakash Kumar,Home Office
C0213,Arjun Kumar,Home Office
C0945,Shreya Das,Home Office
C0075,Akash Mehta,Home Office
C0239,Arnav Rao,Consumer
C0057,Aditya Nair,Corporate
C0248,Ashish Jain,Consumer
C0365,Dev Das,Home Office
C0126,Amit Dixit,Corporate
C0679,Pooja Rao,Corporate
C0019,Aarav Rao,Consumer
C0787,Ravi Gupta,Home Office
C0836,Rohit Mishra,Corporate
C0290,Bhavna Joshi,Consumer
C0010,Aarav Joshi,Consumer
C0282,Bhavna Bansal,Home Office
C0251,Ashish Kapoor,Home Office
C1172,Vishal Khan,Consumer
C0991,Sonal Kapoor,Home Office
C1007,Sourabh Gupta,Corporate
C0302,Chetan Bansal,Consumer
C0691,Prakash Kapoor,Home Office
C1192,Yash Khan,Corporate
C0084,Akshay Choudhary,Consumer
C0873,Sakshi Kumar,Home Office
C0004,Aarav Choudhary,Consumer
C0636,Nisha Mishra,Home Office
C0984,Sonal Choudhary,Home Office
C1041,Sunita Agarwal,Home Office
C0542,Mohit Bansal,Home Office
C0067,Akash Gupta,Consumer
C0761,Rakesh Agarwal,Consumer
C0659,Pankaj Rao,Consumer
C0544,Mohit Choudhary,Consumer
C0648,Pankaj Jain,Corporate
C0023,Aditi Chauhan,Corporate
C0651,Pankaj Kapoor,Home Office
C0695,Prakash Mehta,Consumer
C0224,Arnav Choudhary,Consumer
C1120,Vikas Reddy,Corporate
C0017,Aarav Nair,Home Office
C0209,Arjun Jha,Corporate
C0906,Sanjay Dixit,Home Office
C0671,Pooja Kapoor,Home Office
C0049,Aditya Jha,Home Office
C0831,Rohit Kapoor,Consumer
C0161,Anil Agarwal,Consumer
C1088,Varun Jain,Consumer
C0101,Aman Agarwal,Consumer
C1171,Vishal Kapoor,Home Office
C1025,Sumit Das,Consumer
C0630,Nisha Joshi,Consumer
C0547,Mohit Gupta,Corporate
C1183,Yash Chauhan,Consumer
C1029,Sumit Jha,Consumer
C1134,Vikram Malhotra,Corporate
C0855,Sachin Mehta,Corporate
C0325,Deepak Das,Home Office
C0050,Aditya Joshi,Home Office
C0825,Rohit Das,Home Office
C0508,Manish Jain,Home Office
C0874,Sakshi Malhotra,Corporate
C0281,Bhavna Agarwal,Home Office
C0132,Amit Khan,Home Office
C0944,Shreya Choudhary,Home Office
C0924,Shivam Choudhary,Consumer
C0044,Aditya Choudhary,Consumer
C0164,Anil Choudhary,Consumer
C1145,Vinay Das,Consumer
C0952,Shreya Khan,Home Office
C0499,Kiran Rao,Home Office
C1147,Vinay Gupta,Corporate
C0157,Ananya Nair,Consumer
C0867,Sakshi Gupta,Consumer
C0372,Dev Khan,Consumer
C0614,Nikhil Malhotra,Home Office
C0119,Aman Rao,Consumer
C0652,Pankaj Khan,Consumer
C0434,Isha Malhotra,Corporate
C0766,Rakesh Dixit,Consumer
C0422,Isha Bansal,Consumer
C0245,Ashish Das,Home Office
C0292,Bhavna Khan,Corporate
C0426,Isha Dixit,Corporate
C0317,Chetan Nair,Consumer
C0865,Sakshi Das,Consumer
C0193,Anjali Kumar,Corporate
C0171,Anil Kapoor,Consumer
C0538,Meera Patel,Corporate
C0598,Neha Patel,Consumer
C0817,Riya Nair,Consumer
C1018,Sourabh Patel,Home Office
C0504,Manish Choudhary,Consumer
C0148,Ananya Jain,Home Office
C0053,Aditya Kumar,Consumer
C0246,Ashish Dixit,Consumer
C1014,Sourabh Malhotra,Corporate
C0108,Aman Jain,Home Office
C1061,Tanya Agarwal,Home Office
C0118,Aman Patel,Home Office
C0880,Sakshi Reddy,Home Office
C1136,Vikram Mishra,Corporate
C0061,Akash Agarwal,Corporate
C1165,Vishal Das,Corporate
C1099,Varun Rao,Corporate
C0003,Aarav Chauhan,Corporate
C0160,Ananya Reddy,Corporate
C1149,Vinay Jha,Home Office
C0226,Arnav Dixit,Home Office
C0505,Manish Das,Home Office
C0714,Priya Malhotra,Corporate
C0870,Sakshi Joshi,Corporate
C0136,Amit Mishra,Home Office
C1186,Yash Dixit,Consumer
C0013,Aarav Kumar,Consumer
C0621,Nisha Agarwal,Consumer
C0463,Kavya Chauhan,Home Office
C1078,Tanya Patel,Corporate
C0247,Ashish Gupta,Consumer
C0893,Sameer Kumar,Home Office
C0802,Riya Bansal,Corporate
C0635,Nisha Mehta,Corporate
C0908,Sanjay Jain,Corporate
C0767,Rakesh Gupta,Home Office
C0610,Nikhil Joshi,Consumer
C0701,Priya Agarwal,Home Office
C1066,Tanya Dixit,Corporate
C1010,Sourabh Joshi,Corporate
C0241,Ashish Agarwal,Consumer
C1190,Yash Joshi,Corporate
C0319,Chetan Rao,Corporate
C0706,Priya Dixit,Corporate
C0081,Akshay Agarwal,Corporate
C0267,Ayush Gupta,Corporate
C1032,Sumit Khan,Home Office
C0875,Sakshi Mehta,Corporate
C0046,Aditya Dixit,Corporate
C0986,Sonal Dixit,Home Office
C1160,Vinay Reddy,Corporate
C0612,Nikhil Khan,Home Office
C0640,Nisha Reddy,Home Office
C0323,Deepak Chauhan,Consumer
C0041,Aditya Agarwal,Consumer
C0163,Anil Chauhan,Home Office
C0994,Sonal Malhotra,Corporate
C0656,Pankaj Mishra,Consumer
C0093,Akshay Kumar,Consumer
C0170,Anil Joshi,Home Office
C0125,Amit Das,Corporate
C0340,Deepak Reddy,Consumer
C0460,Karan Reddy,Corporate
C0929,Shivam Jha,Consumer
C0430,Isha Joshi,Corporate
C0115,Aman Mehta,Corporate
C0199,Anjali Rao,Home Office
C0040,Aditi Reddy,Home Office
C0902,Sanjay Bansal,Consumer
C0141,Ananya Agarwal,Home Office
C0361,Dev Agarwal,Consumer
C0569,Naina Jha,Consumer
C0611,Nikhil Kapoor,Home Office
C0091,Akshay Kapoor,Corporate
C0732,Rahul Khan,Corporate
C0412,Gaurav Khan,Corporate
C0421,Isha Agarwal,Consumer
C1189,Yash Jha,Corporate
C1125,Vikram Das,Consumer
C0510,Manish Joshi,Corporate
C1195,Yash Mehta,Home Office
C0469,Kavya Jha,Corporate
C0465,Kavya Das,Corporate
C0095,Akshay Mehta,Consumer
C0303,Chetan Chauhan,Consumer
C0594,Neha Malhotra,Consumer
C1057,Sunita Nair,Home Office
C0673,Pooja Kumar,Home Office
C0871,Sakshi Kapoor,Corporate
C0404,Gaurav Choudhary,Consumer
C0228,Arnav Jain,Home Office
C0783,Ravi Chauhan,Consumer
C1074,Tanya Malhotra,Consumer
C0393,Divya Kumar,Home Office
C0359,Deepika Rao,Home Office
C0710,Priya Joshi,Corporate
C0827,Rohit Gupta,Home Office
C0450,Karan Joshi,Consumer
C0456,Karan Mishra,Corporate
C0102,Aman Bansal,Home Office
C0032,Aditi Khan,Corporate
C0539,Meera Rao,Consumer
C0011,Aarav Kapoor,Corporate
C1177,Vishal Nair,Home Office
C1077,Tanya Nair,Corporate
C0002,Aarav Bansal,Home Office
C0146,Ananya Dixit,Consumer
C0347,Deepika Gupta,Home Office
C0760,Raj Reddy,Corporate
C0192,Anjali Khan,Corporate
C1056,Sunita Mishra,Home Office
C0222,Arnav Bansal,Corporate
C0506,Manish Dixit,Corporate
C0936,Shivam Mishra,Consumer
C0156,Ananya Mishra,Consumer
C0947,Shreya Gupta,Home Office
C0796,Ravi Mishra,Consumer
C0378,Dev Patel,Home Office
C0540,Meera Reddy,Corporate
C0813,Riya Kumar,Consumer
C0028,Aditi Jain,Corporate
C0471,Kavya Kapoor,Consumer
C0205,Arjun Das,Home Office
C0744,Raj Choudhary,Home Office
C0663,Pooja Chauhan,Corporate
C0283,Bhavna Chauhan,Consumer
C0467,Kavya Gupta,Consumer
C0643,Pankaj Chauhan,Home Office
C0575,Naina Mehta,Home Office
C0886,Sameer Dixit,Home Office
C1012,Sourabh Khan,Corporate
C0128,Amit Jain,Corporate
C0123,Amit Chauhan,Home Office
C0001,Aarav Agarwal,Consumer
C0409,Gaurav Jha,Corporate
C1193,Yash Kumar,Corporate
C0517,Manish Nair,Corporate
C0497,Kiran Nair,Home Office
C0210,Arjun Joshi,Consumer
C0130,Amit Joshi,Home Office
C0176,Anil Mishra,Home Office
C0275,Ayush Mehta,Consumer
C0298,Bhavna Patel,Home Office
C0749,Raj Jha,Corporate
C1105,Vikas Das,Home Office
C0751,Raj Kapoor,Corporate
C0447,Karan Gupta,Consumer
C0316,Chetan Mishra,Home Office
C0466,Kavya Dixit,Consumer
C1085,Varun Das,Consumer
C0295,Bhavna Mehta,Home Office
C1112,Vikas Khan,Consumer
C1016,Sourabh Mishra,Home Office
C0195,Anjali Mehta,Consumer
C0935,Shivam Mehta,Corporate
C0348,Deepika Jain,Consumer
C0214,Arjun Malhotra,Consumer
C0186,Anjali Dixit,Consumer
C0603,Nikhil Chauhan,Home Office
C0342,Deepika Bansal,Home Office
C0967,Sneha Gupta,Consumer
C0074,Akash Malhotra,Corporate
C0234,Arnav Malhotra,Home Office
C0896,Sameer Mishra,Home Office
C0895,Sameer Mehta,Consumer
C0791,Ravi Kapoor,Home Office
C0822,Rohit Bansal,Consumer
C0726,Rahul Dixit,Corporate
C0723,Rahul Chauhan,Consumer
C0376,Dev Mishra,Home Office
C0006,Aarav Dixit,Consumer
C0024,Aditi Choudhary,Corporate
C0535,Meera Mehta,Home Office
C0188,Anjali Jain,Home Office
C0100,Akshay Reddy,Home Office
C0304,Chetan Choudhary,Corporate
C0926,Shivam Dixit,Consumer
C1065,Tanya Das,Corporate
C0789,Ravi Jha,Consumer
C0565,Naina Das,Home Office
C0009,Aarav Jha,Corporate
C1075,Tanya Mehta,Corporate
C0374,Dev Malhotra,Home Office
C0437,Isha Nair,Corporate
C0882,Sameer Bansal,Home Office
C0307,Chetan Gupta,Home Office
C0703,Priya Chauhan,Corporate
C0240,Arnav Reddy,Corporate
C0266,Ayush Dixit,Home Office
C0624,Nisha Choudhary,Home Office
C1034,Sumit Malhotra,Corporate
C1045,Sunita Das,Consumer
C0524,Meera Choudhary,Home Office
C0269,Ayush Jha,Consumer
C1015,Sourabh Mehta,Corporate
C0655,Pankaj Mehta,Corporate
C1169,Vishal Jha,Home Office
C0581,Neha Agarwal,Consumer
C0818,Riya Patel,Corporate
C0029,Aditi Jha,Home Office
C0622,Nisha Bansal,Corporate
C0184,Anjali Choudhary,Consumer
C1191,Yash Kapoor,Home Office
C0328,Deepak Jain,Home Office
C0511,Manish Kapoor,Corporate
C0306,Chetan Dixit,Home Office
C0954,Shreya Malhotra,Home Office
C0356,Deepika Mishra,Home Office
C0992,Sonal Khan,Consumer
C0912,Sanjay Khan,Corporate
C0811,Riya Kapoor,Corporate
C0519,Manish Rao,Home Office
C0989,Sonal Jha,Consumer
C0020,Aarav Reddy,Consumer
C0398,Divya Patel,Corporate
C0005,Aarav Das,Consumer
C0932,Shivam Khan,Consumer
C0961,Sneha Agarwal,Home Office
C1092,Varun Khan,Consumer
C0218,Arjun Patel,Corporate
C0203,Arjun Chauhan,Consumer
C1059,Sunita Rao,Corporate
C0807,Riya Gupta,Consumer
C0757,Raj Nair,Home Office
C0532,Meera Khan,Home Office
C0500,Kiran Reddy,Consumer
C1033,Sumit Kumar,Consumer
C0708,Priya Jain,Consumer
C1060,Sunita Reddy,Home Office
C0678,Pooja Patel,Corporate
C0326,Deepak Dixit,Consumer
C1006,Sourabh Dixit,Home Office
C0446,Karan Dixit,Corporate
C0628,Nisha Jain,Corporate
C0235,Arnav Mehta,Consumer
C0638,Nisha Patel,Corporate
C0729,Rahul Jha,Consumer
C0060,Aditya Reddy,Corporate
C0765,Rakesh Das,Home Office
C0919,Sanjay Rao,Corporate
C0071,Akash Kapoor,Home Office
C0904,Sanjay Choudhary,Consumer
C1037,Sumit Nair,Consumer
C0826,Rohit Dixit,Home Office
C0666,Pooja Dixit,Home Office
C0333,Deepak Kumar,Consumer
C0197,Anjali Nair,Consumer
C0633,Nisha Kumar,Home Office
C1137,Vikram Nair,Home Office
C0950,Shreya Joshi,Corporate
C0694,Prakash Malhotra,Home Office
C1110,Vikas Joshi,Consumer
C0965,Sneha Das,Corporate
C0194,Anjali Malhotra,Home Office
C0571,Naina Kapoor,Home Office
C0759,Raj Rao,Corporate
C0712,Priya Khan,Home Office
C1053,Sunita Kumar,Home Office
C0337,Deepak Nair,Consumer
C0956,Shreya Mishra,Corporate
C0957,Shreya Nair,Corporate
C1159,Vinay Rao,Consumer
C0068,Akash Jain,Home Office
C0533,Meera Kumar,Home Office
C0520,Manish Reddy,Home Office
C0442,Karan Bansal,Home Office
C1004,Sourabh Choudhary,Corporate
C0930,Shivam Joshi,Consumer
C0557,Mohit Nair,Corporate
C0928,Shivam Jain,Home Office
C0801,Riya Agarwal,Home Office
C0949,Shreya Jha,Corporate
C0291,Bhavna Kapoor,Corporate
C0388,Divya Jain,Corporate
C0137,Amit Nair,Home Office
C1168,Vishal Jain,Home Office
C0800,Ravi Reddy,Home Office
C0832,Rohit Khan,Consumer
C0973,Sneha Kumar,Home Office
C0964,Sneha Choudhary,Home Office
C0618,Nikhil Patel,Corporate
C0860,Sachin Reddy,Home Office
C0773,Rakesh Kumar,Home Office
C1068,Tanya Jain,Corporate
C0905,Sanjay Das,Home Office
C1108,Vikas Jain,Consumer
C0653,Pankaj Kumar,Consumer
C0124,Amit Choudhary,Consumer
C0232,Arnav Khan,Consumer
C0619,Nikhil Rao,Home Office
C0889,Sameer Jha,Home Office
C0700,Prakash Reddy,Corporate
C0834,Rohit Malhotra,Corporate
C0861,Sakshi Agarwal,Corporate
C0876,Sakshi Mishra,Consumer
C0452,Karan Khan,Home Office
C0420,Gaurav Reddy,Consumer
C0270,Ayush Joshi,Corporate
C0737,Rahul Nair,Home Office
C0684,Prakash Choudhary,Home Office
C0931,Shivam Kapoor,Consumer
C0262,Ayush Bansal,Home Office
C0605,Nikhil Das,Corporate
C1140,Vikram Reddy,Corporate
C0748,Raj Jain,Home Office
C0294,Bhavna Malhotra,Corporate
C1130,Vikram Joshi,Corporate
C0933,Shivam Kumar,Home Office
C0201,Arjun Agarwal,Consumer
C1173,Vishal Kumar,Consumer
C0431,Isha Kapoor,Home Office
C0411,Gaurav Kapoor,Consumer
C0392,Divya Khan,Home Office
C0750,Raj Joshi,Home Office
C0293,Bhavna Kumar,Home Office
C1121,Vikram Agarwal,Consumer
C0027,Aditi Gupta,Corporate
C0764,Rakesh Choudhary,Home Office
C0879,Sakshi Rao,Consumer
C1091,Varun Kapoor,Consumer
C0617,Nikhil Nair,Corporate
C0482,Kiran Bansal,Home Office
C0167,Anil Gupta,Consumer
C0537,Meera Nair,Home Office
C0604,Nikhil Choudhary,Consumer
C0451,Karan Kapoor,Home Office
C0888,Sameer Jain,Corporate
C1009,Sourabh Jha,Home Office
C0461,Kavya Agarwal,Home Office
C1127,Vikram Gupta,Home Office
C0217,Arjun Nair,Home Office
C0007,Aarav Gupta,Corporate
C0645,Pankaj Das,Home Office
C0493,Kiran Kumar,Corporate
C0175,Anil Mehta,Home Office
C0252,Ashish Khan,Home Office
C0054,Aditya Malhotra,Consumer
C0423,Isha Chauhan,Home Office
C0580,Naina Reddy,Corporate
C0899,Sameer Rao,Corporate
C0066,Akash Dixit,Corporate
C0516,Manish Mishra,Consumer
C0798,Ravi Patel,Corporate
C0562,Naina Bansal,Corporate
C0014,Aarav Malhotra,Consumer
C0941,Shreya Agarwal,Home Office
C0682,Prakash Bansal,Corporate
C0327,Deepak Gupta,Home Office
C0223,Arnav Chauhan,Home Office
C0777,Rakesh Nair,Consumer
C0385,Divya Das,Corporate
C0117,Aman Nair,Home Office
C0031,Aditi Kapoor,Corporate
C0484,Kiran Choudhary,Corporate
C0329,Deepak Jha,Home Office
C0776,Rakesh Mishra,Consumer
C0715,Priya Mehta,Corporate
C0939,Shivam Rao,Home Office
C0408,Gaurav Jain,Consumer
C0462,Kavya Bansal,Consumer
C0951,Shreya Kapoor,Home Office
C0740,Rahul Reddy,Home Office
C0116,Aman Mishra,Corporate
C0399,Divya Rao,Corporate
C0560,Mohit Reddy,Corporate
C0909,Sanjay Jha,Consumer
C0629,Nisha Jha,Consumer
C0113,Aman Kumar,Corporate
C0477,Kavya Nair,Corporate
C1117,Vikas Nair,Home Office
C0846,Sachin Dixit,Corporate
C0963,Sneha Chauhan,Home Office
C0595,Neha Mehta,Home Office
C1182,Yash Bansal,Corporate
C0098,Akshay Patel,Home Office
C1083,Varun Chauhan,Consumer
C0650,Pankaj Joshi,Consumer
C1035,Sumit Mehta,Corporate
C0229,Arnav Jha,Corporate
C0439,Isha Rao,Home Office
C0959,Shreya Rao,Corporate
C0106,Aman Dixit,Consumer
C0489,Kiran Jha,Home Office
C1101,Vikas Agarwal,Corporate
C1176,Vishal Mishra,Home Office
C1196,Yash Mishra,Home Office
C0153,Ananya Kumar,Consumer
C0552,Mohit Khan,Home Office
C1178,Vishal Patel,Home Office
C0244,Ashish Choudhary,Home Office
C0494,Kiran Malhotra,Consumer
C1027,Sumit Gupta,Corporate
C0445,Karan Das,Corporate
C1167,Vishal Gupta,Corporate
C1162,Vishal Bansal,Corporate
C0438,Isha Patel,Consumer
C0488,Kiran Jain,Corporate
C0600,Neha Reddy,Consumer
C0509,Manish Jha,Home Office
C0265,Ayush Das,Home Office
C0381,Divya Agarwal,Corporate
C0917,Sanjay Nair,Corporate
C0925,Shivam Das,Corporate
C0824,Rohit Choudhary,Home Office
C0795,Ravi Mehta,Home Office
C0848,Sachin Jain,Consumer
C0549,Mohit Jha,Home Office
C0623,Nisha Chauhan,Consumer
C0620,Nikhil Reddy,Home Office
C0887,Sameer Gupta,Corporate
C0999,Sonal Rao,Home Office
C1020,Sourabh Reddy,Corporate
C0459,Karan Rao,Consumer
C0696,Prakash Mishra,Home Office
C1048,Sunita Jain,Corporate
C0313,Chetan Kumar,Home Office
C0109,Aman Jha,Corporate
C1102,Vikas Bansal,Home Office
C0396,Divya Mishra,Home Office
C0397,Divya Nair,Home Office
C0713,Priya Kumar,Consumer
C0373,Dev Kumar,Home Office
C0676,Pooja Mishra,Corporate
C0204,Arjun Choudhary,Home Office
C1058,Sunita Patel,Consumer
C0375,Dev Mehta,Consumer
C1067,Tanya Gupta,Home Office
C1122,Vikram Bansal,Corporate
C1197,Yash Nair,Consumer
C1142,Vinay Bansal,Corporate
C0564,Naina Choudhary,Consumer
C0169,Anil Jha,Corporate
C0727,Rahul Gupta,Corporate
C0144,Ananya Choudhary,Home Office
C0162,Anil Bansal,Consumer
C0788,Ravi Jain,Consumer
C0674,Pooja Malhotra,Corporate
C1123,Vikram Chauhan,Corporate
C0613,Nikhil Kumar,Corporate
C0181,Anjali Agarwal,Corporate
C0743,Raj Chauhan,Consumer
C0840,Rohit Reddy,Home Office
C0410,Gaurav Joshi,Home Office
C0578,Naina Patel,Consumer
C0780,Rakesh Reddy,Home Office
C0719,Priya Rao,Corporate
C0558,Mohit Patel,Home Office
C1038,Sumit Patel,Consumer
C0464,Kavya Choudhary,Consumer
C0080,Akash Reddy,Home Office
C0318,Chetan Patel,Corporate
C1146,Vinay Dixit,Consumer
C0587,Neha Gupta,Home Office
C0413,Gaurav Kumar,Consumer
C1200,Yash Reddy,Consumer
C0279,Ayush Rao,Consumer
C0077,Akash Nair,Home Office
C0769,Rakesh Jha,Home Office
C0809,Riya Jha,Home Office
C0529,Meera Jha,Corporate
C0716,Priya Mishra,Home Office
C0631,Nisha Kapoor,Consumer
C0922,Shivam Bansal,Consumer
C0314,Chetan Malhotra,Home Office
C0034,Aditi Malhotra,Home Office
C0263,Ayush Chauhan,Consumer
C1096,Varun Mishra,Consumer
C0733,Rahul Kumar,Home Office
C1179,Vishal Rao,Consumer
C1044,Sunita Choudhary,Home Office
C1115,Vikas Mehta,Corporate
C1155,Vinay Mehta,Corporate
C0675,Pooja Mehta,Consumer
C1151,Vinay Kapoor,Corporate
C0324,Deepak Choudhary,Home Office
C1039,Sumit Rao,Corporate
C0934,Shivam Malhotra,Home Office
C0770,Rakesh Joshi,Consumer
C0942,Shreya Bansal,Home Office
C0690,Prakash Joshi,Home Office
C0858,Sachin Patel,Corporate
C0829,Rohit Jha,Consumer
C0097,Akshay Nair,Corporate
C0008,Aarav Jain,Corporate
C0940,Shivam Reddy,Home Office
C0778,Rakesh Patel,Corporate
C0220,Arjun Reddy,Consumer
C0661,Pooja Agarwal,Corporate
C1054,Sunita Malhotra,Corporate
C1158,Vinay Patel,Consumer
C0258,Ashish Patel,Corporate
C1153,Vinay Kumar,Corporate
C0786,Ravi Dixit,Home Office
C1043,Sunita Chauhan,Consumer
C0563,Naina Chauhan,Consumer
C0386,Divya Dixit,Home Office
C0534,Meera Malhotra,Corporate
C0427,Isha Gupta,Corporate
C0660,Pankaj Reddy,Home Office
C0331,Deepak Kapoor,Home Office
C0897,Sameer Nair,Home Office
C0085,Akshay Das,Consumer
C0665,Pooja Das,Consumer
C1005,Sourabh Das,Corporate
C0362,Dev Bansal,Corporate
C0485,Kiran Das,Home Office
C0285,Bhavna Das,Corporate
C0330,Deepak Joshi,Corporate
C0869,Sakshi Jha,Corporate
C0233,Arnav Kumar,Home Office
C0107,Aman Gupta,Home Office
C0881,Sameer Agarwal,Corporate
C0907,Sanjay Gupta,Consumer
C0615,Nikhil Mehta,Consumer
C0582,Neha Bansal,Corporate
C0689,Prakash Jha,Corporate
C0943,Shreya Chauhan,Corporate
C0997,Sonal Nair,Consumer
C0971,Sneha Kapoor,Consumer
C0110,Aman Joshi,Consumer
C0531,Meera Kapoor,Corporate
C0589,Neha Jha,Corporate
C0513,Manish Kumar,Consumer
C1095,Varun Mehta,Corporate
C0433,Isha Kumar,Corporate
C1106,Vikas Dixit,Consumer
C0417,Gaurav Nair,Home Office
C0756,Raj Mishra,Home Office
C0453,Karan Kumar,Corporate
C0709,Priya Jha,Corporate
C0454,Karan Malhotra,Corporate
C0390,Divya Joshi,Consumer
C0015,Aarav Mehta,Home Office
C1126,Vikram Dixit,Corporate
C0724,Rahul Choudhary,Home Office
C0626,Nisha Dixit,Consumer
C0478,Kavya Patel,Consumer
C0048,Aditya Jain,Consumer
C0975,Sneha Mehta,Home Office
C0976,Sneha Mishra,Consumer
C0910,Sanjay Joshi,Home Office
C0721,Rahul Agarwal,Consumer
C0353,Deepika Kumar,Corporate
C0938,Shivam Patel,Corporate
C0315,Chetan Mehta,Consumer
C1150,Vinay Joshi,Corporate
C0444,Karan Choudhary,Consumer
C0051,Aditya Kapoor,Home Office
C0495,Kiran Mehta,Corporate
C0658,Pankaj Patel,Consumer
C0731,Rahul Kapoor,Consumer
C0568,Naina Jain,Consumer
C0810,Riya Joshi,Home Office
C0159,Ananya Rao,Home Office
C0334,Deepak Malhotra,Consumer
C0129,Amit Jha,Home Office
C0370,Dev Joshi,Corporate
C0794,Ravi Malhotra,Home Office
C0672,Pooja Khan,Consumer
C0515,Manish Mehta,Home Office
C0670,Pooja Joshi,Consumer
C1021,Sumit Agarwal,Consumer
C0103,Aman Chauhan,Corporate
C0473,Kavya Kumar,Consumer
C0523,Meera Chauhan,Corporate
C1046,Sunita Dixit,Home Office
C0774,Rakesh Malhotra,Corporate
C0850,Sachin Joshi,Corporate
C0082,Akshay Bansal,Consumer
C0647,Pankaj Gupta,Corporate
C0289,Bhavna Jha,Home Office
C0649,Pankaj Jha,Corporate
C0025,Aditi Das,Home Office
C0734,Rahul Malhotra,Home Office
C0063,Akash Chauhan,Home Office
C0391,Divya Kapoor,Home Office
C0872,Sakshi Khan,Corporate
C1166,Vishal Dixit,Corporate
C0030,Aditi Joshi,Corporate
C0261,Ayush Agarwal,Consumer
C0407,Gaurav Gupta,Corporate
C0479,Kavya Rao,Consumer
C0250,Ashish Joshi,Corporate
C0035,Aditi Mehta,Home Office
C1185,Yash Das,Home Office
C1002,Sourabh Bansal,Corporate
C0111,Aman Kapoor,Consumer
C0998,Sonal Patel,Consumer
C0083,Akshay Chauhan,Corporate
C0960,Shreya Reddy,Corporate
C0588,Neha Jain,Home Office
C1052,Sunita Khan,Corporate
C0073,Akash Kumar,Home Office
C1144,Vinay Choudhary,Home Office
C1154,Vinay Malhotra,Corporate
C0862,Sakshi Bansal,Corporate
C0784,Ravi Choudhary,Consumer
C0718,Priya Patel,Corporate
C0828,Rohit Jain,Home Office
C0256,Ashish Mishra,Corporate
C0835,Rohit Mehta,Home Office
C0707,Priya Gupta,Consumer
C0335,Deepak Mehta,Corporate
C0363,Dev Chauhan,Consumer
C0779,Rakesh Rao,Corporate
C0728,Rahul Jain,Corporate
C0602,Nikhil Bansal,Home Office
C0196,Anjali Mishra,Consumer
C0338,Deepak Patel,Corporate
C0183,Anjali Chauhan,Consumer
C0096,Akshay Mishra,Home Office
C0792,Ravi Khan,Corporate
C1138,Vikram Patel,Home Office
C1003,Sourabh Chauhan,Corporate
C0646,Pankaj Dixit,Consumer
C0288,Bhavna Jain,Corporate
C0741,Raj Agarwal,Home Office
C0064,Akash Choudhary,Home Office
C1143,Vinay Chauhan,Consumer
C0322,Deepak Bansal,Corporate
C0548,Mohit Jain,Corporate
C1071,Tanya Kapoor,Home Office
C1107,Vikas Gupta,Corporate
C0212,Arjun Khan,Corporate
C1157,Vinay Nair,Home Office
C0754,Raj Malhotra,Consumer
C0042,Aditya Bansal,Consumer
C0190,Anjali Joshi,Home Office
C0574,Naina Malhotra,Consumer
C0990,Sonal Joshi,Corporate
C0805,Riya Das,Home Office
C0208,Arjun Jain,Corporate
C0296,Bhavna Mishra,Corporate
C0230,Arnav Joshi,Consumer
C0480,Kavya Reddy,Home Office
C1001,Sourabh Agarwal,Home Office
C0845,Sachin Das,Corporate
C1024,Sumit Choudhary,Home Office
C0632,Nisha Khan,Corporate
C0139,Amit Rao,Consumer
C1055,Sunita Mehta,Corporate
C0112,Aman Khan,Home Office
C0065,Akash Das,Consumer
C0395,Divya Mehta,Home Office
C1119,Vikas Rao,Home Office
C0215,Arjun Mehta,Home Office
C0069,Akash Jha,Home Office
C0286,Bhavna Dixit,Corporate
C0852,Sachin Khan,Home Office
C0312,Chetan Khan,Home Office
C1163,Vishal Chauhan,Home Office
C0470,Kavya Joshi,Corporate
C0429,Isha Jha,Corporate
C0037,Aditi Nair,Home Office
C0154,Ananya Malhotra,Corporate
C0448,Karan Jain,Corporate
C1098,Varun Patel,Home Office
C0849,Sachin Jha,Consumer
C1073,Tanya Kumar,Home Office
C0775,Rakesh Mehta,Corporate
C0664,Pooja Choudhary,Corporate
C0180,Anil Reddy,Consumer
C0837,Rohit Nair,Corporate
C1062,Tanya Bansal,Consumer
C0403,Gaurav Chauhan,Home Office
C0553,Mohit Kumar,Consumer
C1164,Vishal Choudhary,Consumer
C0877,Sakshi Nair,Corporate
C0481,Kiran Agarwal,Home Office
C0913,Sanjay Kumar,Consumer
C0255,Ashish Mehta,Consumer
C0402,Gaurav Bansal,Home Office
C0820,Riya Reddy,Consumer
C1129,Vikram Jha,Home Office
C1042,Sunita Bansal,Consumer
C0206,Arjun Dixit,Corporate
C0996,Sonal Mishra,Consumer
C0274,Ayush Malhotra,Home Office
C0474,Kavya Malhotra,Corporate
C1152,Vinay Khan,Consumer
C1100,Varun Reddy,Corporate
C0747,Raj Gupta,Consumer
C0551,Mohit Kapoor,Consumer
C0425,Isha Das,Home Office
C0366,Dev Dixit,Consumer
C0993,Sonal Kumar,Consumer
C0543,Mohit Chauhan,Home Office
C0683,Prakash Chauhan,Consumer
C0012,Aarav Khan,Consumer
C0911,Sanjay Kapoor,Corporate
C0231,Arnav Kapoor,Home Office
C0078,Akash Patel,Consumer
C0332,Deepak Khan,Corporate
C0981,Sonal Agarwal,Home Office
C0416,Gaurav Mishra,Consumer
C0625,Nisha Das,Consumer
C0243,Ashish Chauhan,Consumer
C0259,Ashish Rao,Home Office
C0885,Sameer Das,Home Office
C0092,Akshay Khan,Home Office
C0851,Sachin Kapoor,Corporate
C0521,Meera Agarwal,Corporate
C0284,Bhavna Choudhary,Home Office
C0414,Gaurav Malhotra,Consumer
C0419,Gaurav Rao,Corporate
C0884,Sameer Choudhary,Corporate
C0680,Pooja Reddy,Home Office
C0554,Mohit Malhotra,Consumer
C1103,Vikas Chauhan,Home Office
C0641,Pankaj Agarwal,Corporate
C0738,Rahul Patel,Consumer
C0735,Rahul Mehta,Corporate
C0816,Riya Mishra,Consumer
C0135,Amit Mehta,Consumer
C0736,Rahul Mishra,Consumer
C0047,Aditya Gupta,Corporate
C0758,Raj Patel,Consumer
C0472,Kavya Khan,Corporate
C0310,Chetan Joshi,Corporate
C0591,Neha Kapoor,Consumer
C1030,Sumit Joshi,Corporate
C0369,Dev Jha,Consumer
C1051,Sunita Kapoor,Corporate
C0094,Akshay Malhotra,Corporate
C0634,Nisha Malhotra,Corporate
C0819,Riya Rao,Consumer
C0022,Aditi Bansal,Home Office
C0927,Shivam Gupta,Home Office
C0667,Pooja Gupta,Home Office
C0842,Sachin Bansal,Corporate
C0592,Neha Khan,Consumer
C0921,Shivam Agarwal,Corporate
C0377,Dev Nair,Consumer
C0089,Akshay Jha,Corporate
C1180,Vishal Reddy,Consumer
C0455,Karan Mehta,Home Office
C1031,Sumit Kapoor,Home Office
C1017,Sourabh Nair,Corporate
C0502,Manish Bansal,Corporate
C0923,Shivam Chauhan,Consumer
C0308,Chetan Jain,Home Office
C0491,Kiran Kapoor,Home Office
C0357,Deepika Nair,Home Office
C1170,Vishal Joshi,Home Office
C0843,Sachin Chauhan,Corporate
C0698,Prakash Patel,Corporate
C0382,Divya Bansal,Consumer
C0056,Aditya Mishra,Home Office
C0364,Dev Choudhary,Corporate
C0608,Nikhil Jain,Home Office
C0812,Riya Khan,Corporate
C0165,Anil Das,Home Office
C0120,Aman Reddy,Consumer
C0878,Sakshi Patel,Home Office
C1175,Vishal Mehta,Consumer
C0415,Gaurav Mehta,Corporate
C1019,Sourabh Rao,Corporate
C0339,Deepak Rao,Consumer
C0344,Deepika Choudhary,Home Office
C0016,Aarav Mishra,Consumer
C1124,Vikram Choudhary,Corporate
C0958,Shreya Patel,Consumer
C0841,Sachin Agarwal,Home Office
C0530,Meera Joshi,Consumer
C0688,Prakash Jain,Home Office
C0440,Isha Reddy,Consumer
C0806,Riya Dixit,Home Office
C0150,Ananya Joshi,Home Office
C0512,Manish Khan,Consumer
C1141,Vinay Agarwal,Home Office
C0483,Kiran Chauhan,Home Office
C0782,Ravi Bansal,Consumer
C0043,Aditya Chauhan,Home Office
C0418,Gaurav Patel,Consumer
C0914,Sanjay Malhotra,Home Office
C0755,Raj Mehta,Corporate
C0903,Sanjay Chauhan,Consumer
C0974,Sneha Malhotra,Corporate
C1131,Vikram Kapoor,Corporate
C1064,Tanya Choudhary,Corporate
C0178,Anil Patel,Home Office
C0149,Ananya Jha,Corporate
C0341,Deepika Agarwal,Consumer
C0570,Naina Joshi,Corporate
C0573,Naina Kumar,Consumer
C0343,Deepika Chauhan,Home Office
C0211,Arjun Kapoor,Home Office
C0152,Ananya Khan,Corporate
